Drug A,Drug B,nAB1,Lift,Conviction
Loratadine,"Thiamine disulfide, B6, and B12 combination",4,434.783,1.061
Afroqualone,General cold medicine,3,333.333,1.071
Extract from inflamed skin of rabbits inoculated with vaccinia virus,Indapamide,6,317.46,1.08
Fluvoxamine Maleate,General cold medicine,3,279.503,1.07
Sulfamethoxazole-trimethoprim,Sultamicillin Tosilate Hydrate,3,263.158,1.055
Insulin Aspart (genetically recombinant),Lisinopril hydrate,3,260.87,1.027
Flomoxef sodium,Indapamide,10,252.101,1.133
Domperidone,General cold medicine,3,250.0,1.071
Diltiazem hydrochloride,Indapamide,10,249.169,1.131
Acetaminophen,Afroqualone,6,221.675,1.26
Cefepime hydrochloride hydrate,Indapamide,10,220.588,1.133
Alimemazine tartrate,Procaterol hydrochloride hydrate,3,218.978,1.022
Cefpirome sulfate,Mefenamic acid,3,217.391,1.022
Ethyl loflazepate,General cold medicine,3,217.391,1.069
Fosfomycin sodium,"Thiamine disulfide, B6, and B12 combination",4,211.268,1.059
Afroqualone,Ethyl loflazepate,6,196.078,1.041
Alimemazine tartrate,Cefditoren pivoxil,3,185.185,1.019
Argatroban hydrate,Imidapril Hydrochloride,3,184.049,1.019
Alimemazine tartrate,Tipepidine hibenzate,3,182.927,1.019
Edaravone,Imidapril Hydrochloride,3,181.818,1.018
Candesartan Cilexetil,Indapamide,10,177.305,1.118
Azithromycin Hydrate,Indapamide,10,174.419,1.131
Ethambutol Hydrochloride,Pyrazinamide,5,169.492,1.029
Glimepiride,Mefenamic acid,3,164.234,1.022
Imidapril Hydrochloride,Roxatidine Acetate Hydrochloride,4,153.846,1.021
Argatroban hydrate,Roxatidine Acetate Hydrochloride,3,152.284,1.015
Argatroban hydrate,Nicardipine hydrochloride,3,149.254,1.015
Edaravone,Roxatidine Acetate Hydrochloride,3,147.059,1.015
Domperidone,Ethyl loflazepate,6,146.104,1.04
Fosfomycin sodium,Loratadine,4,145.631,1.04
Edaravone,Nicardipine hydrochloride,3,144.231,1.015
Cefpirome sulfate,Phenobarbital,3,129.87,1.013
Extract from inflamed skin of rabbits inoculated with vaccinia virus,Flomoxef sodium,6,124.224,1.03
Argatroban hydrate,Edaravone,3,122.449,1.012
Isoniazid,Pyrazinamide,6,120.968,1.033
Argatroban hydrate,Cefepime hydrochloride hydrate,3,113.636,1.011
Procaterol hydrochloride hydrate,Tipepidine hibenzate,4,112.994,1.023
Oseltamivir phosphate,"Thiamine disulfide, B6, and B12 combination",4,112.676,1.059
Cefmetazole Sodium,Lisinopril hydrate,3,111.801,1.027
Imidapril Hydrochloride,Nicardipine hydrochloride,3,111.386,1.015
Insulin Aspart (genetically recombinant),Metoclopramide hydrochloride,3,109.489,1.011
Lisinopril hydrate,Metoclopramide hydrochloride,3,109.489,1.011
Cefpirome sulfate,Metoclopramide hydrochloride,3,107.914,1.011
Felodipine,Zonisamide,3,105.634,1.014
Afroqualone,Fluvoxamine Maleate,6,104.167,1.021
Nitroglycerin,Telithromycin,8,102.74,1.028
Diltiazem hydrochloride,Flomoxef sodium,10,102.529,1.05
Glimepiride,Phenobarbital,3,98.684,1.013
Felodipine,Phenobarbital,3,98.684,1.013
Pyrazinamide,Rifampin,6,97.403,1.02
Cefepime hydrochloride hydrate,Flomoxef sodium,11,95.93,1.053
Extract from inflamed skin of rabbits inoculated with vaccinia virus,Telithromycin,6,89.91,1.021
Afroqualone,Domperidone,6,89.82,1.018
Azulenesulfonic acid sodium hydrate/L-glutamine,Phenytoin sodium,3,89.286,1.027
Alimemazine tartrate,Tranexamic acid,3,87.464,1.009
Candesartan Cilexetil,Flomoxef sodium,11,86.888,1.054
Nitroglycerin,Piperacillin Sodium,8,86.455,1.023
Loratadine,Tranexamic acid,4,86.207,1.011
Indapamide,Telithromycin,10,85.911,1.035
Cefditoren pivoxil,Tipepidine hibenzate,4,84.27,1.023
Glimepiride,Metoclopramide hydrochloride,3,81.818,1.011
Cefditoren pivoxil,Procaterol hydrochloride hydrate,3,80.935,1.022
Isosorbide mononitrate,Telithromycin,10,78.761,1.035
Candesartan Cilexetil,Cefepime hydrochloride hydrate,13,78.502,1.049
Ethambutol Hydrochloride,Rifampin,5,78.329,1.013
Brotizolam,Milnacipran hydrochloride,3,78.125,1.016
Cholestyramine,Leflunomide,3,77.72,1.008
Extract from inflamed skin of rabbits inoculated with vaccinia virus,Isosorbide mononitrate,6,77.453,1.018
Extract from inflamed skin of rabbits inoculated with vaccinia virus,Piperacillin Sodium,6,76.078,1.018
Domperidone,Fluvoxamine Maleate,6,75.758,1.02
Ethyl loflazepate,Fluvoxamine Maleate,7,75.269,1.023
Loratadine,Oseltamivir phosphate,4,74.442,1.01
Indapamide,Isosorbide mononitrate,10,74.405,1.03
Flomoxef sodium,Telithromycin,10,73.386,1.035
Diltiazem hydrochloride,Telithromycin,10,73.386,1.035
Indapamide,Piperacillin Sodium,10,73.314,1.03
Azithromycin Hydrate,Flomoxef sodium,10,71.09,1.049
Diltiazem hydrochloride,Extract from inflamed skin of rabbits inoculated with vaccinia virus,6,71.034,1.034
Mecobalamin,Zonisamide,3,68.807,1.014
"Thiamine disulfide, B6, and B12 combination",Tranexamic acid,4,68.768,1.011
Acetaminophen,General cold medicine,3,68.389,1.067
Isosorbide mononitrate,Piperacillin Sodium,10,67.084,1.029
Mefenamic acid,Phenobarbital,3,65.502,1.013
Nicardipine hydrochloride,Roxatidine Acetate Hydrochloride,3,64.935,1.015
Lisinopril hydrate,Mosapride Citrate Hydrate,3,64.795,1.006
Cefepime hydrochloride hydrate,Telithromycin,10,64.655,1.035
Afroqualone,Mosapride Citrate Hydrate,6,64.655,1.013
Insulin Aspart (genetically recombinant),Mosapride Citrate Hydrate,3,64.378,1.006
Flomoxef sodium,Isosorbide mononitrate,10,63.776,1.03
Amlodipine besylate,Argatroban hydrate,3,63.158,1.041
Cefepime hydrochloride hydrate,Extract from inflamed skin of rabbits inoculated with vaccinia virus,6,62.849,1.034
Fluvoxamine Maleate,Mosapride Citrate Hydrate,7,62.63,1.015
Diltiazem hydrochloride,Isosorbide mononitrate,11,62.358,1.029
Diltiazem hydrochloride,Piperacillin Sodium,10,62.112,1.029
Flomoxef sodium,Piperacillin Sodium,10,61.932,1.029
Cefpirome sulfate,Glimepiride,3,60.852,1.006
Ceftriaxone sodium hydrate,Non-pirin cold medicine (4),3,60.852,1.006
Acetaminophen,"Thiamine disulfide, B6, and B12 combination",4,60.362,1.059
Indapamide,Nitroglycerin,8,60.06,1.024
Cefmetazole Sodium,Insulin Aspart (genetically recombinant),3,59.524,1.014
Lansoprazole,Lisinopril hydrate,3,58.177,1.025
Minocycline hydrochloride,Phenobarbital,4,57.971,1.017
Phenytoin sodium,Zonisamide,3,57.655,1.013
Ethambutol Hydrochloride,Isoniazid,5,57.252,1.009
Isoniazid,Rifampin,6,56.818,1.015
Cefpirome sulfate,Voglibose,3,56.497,1.006
Candesartan Cilexetil,Telithromycin,10,56.306,1.034
Metoclopramide hydrochloride,Phenobarbital,3,56.145,1.013
Cefepime hydrochloride hydrate,Isosorbide mononitrate,10,55.804,1.03
Argatroban hydrate,Sodium valproate,3,55.147,1.005
Edaravone,Sodium valproate,3,54.945,1.005
Mefenamic acid,Metoclopramide hydrochloride,3,54.745,1.011
Felodipine,Minocycline hydrochloride,3,54.479,1.007
Azithromycin Hydrate,Cefepime hydrochloride hydrate,10,54.348,1.037
Piperacillin Sodium,Telithromycin,10,54.074,1.035
Cefepime hydrochloride hydrate,Piperacillin Sodium,10,53.725,1.029
Candesartan Cilexetil,Extract from inflamed skin of rabbits inoculated with vaccinia virus,6,53.476,1.033
Extract from inflamed skin of rabbits inoculated with vaccinia virus,Nitroglycerin,4,52.106,1.012
L-Carbocysteine,Procaterol hydrochloride hydrate,4,51.569,1.022
Cefepime hydrochloride hydrate,Diltiazem hydrochloride,10,51.511,1.028
Flomoxef sodium,Nitroglycerin,8,51.02,1.024
Cefcapene Pivoxil Hydrochloride Hydrate,"Thiamine disulfide, B6, and B12 combination",4,50.676,1.056
Azithromycin Hydrate,Telithromycin,10,50.336,1.034
Azithromycin Hydrate,Extract from inflamed skin of rabbits inoculated with vaccinia virus,6,50.0,1.034
Isosorbide mononitrate,Nitroglycerin,8,49.762,1.022
Mizoribine,Sulfamethoxazole-trimethoprim,3,49.751,1.005
Ethyl loflazepate,Mosapride Citrate Hydrate,7,49.435,1.015
Candesartan Cilexetil,Piperacillin Sodium,10,47.483,1.029
Cefmetazole Sodium,Metoclopramide hydrochloride,3,46.924,1.011
Non-pirin cold medicine (4),Tiaramide hydrochloride,3,46.875,1.038
Ibuprofen,Serrapeptase,3,46.875,1.009
Diltiazem hydrochloride,Nitroglycerin,8,46.711,1.022
Domperidone,Mosapride Citrate Hydrate,6,46.488,1.012
Minocycline hydrochloride,Zonisamide,3,46.296,1.014
Alimemazine tartrate,Clarithromycin,3,45.942,1.005
Disopyramide phosphate,Enalapril Maleate,3,45.547,1.006
Cefepime hydrochloride hydrate,Nitroglycerin,8,44.91,1.024
Candesartan Cilexetil,Isosorbide mononitrate,10,44.683,1.027
Azithromycin Hydrate,Isosorbide mononitrate,10,44.643,1.03
Azithromycin Hydrate,Piperacillin Sodium,10,43.732,1.029
Procaterol hydrochloride hydrate,Tranexamic acid,3,43.732,1.009
Clarithromycin,Procaterol hydrochloride hydrate,4,43.573,1.026
Cefazolin Sodium,Piperacillin Sodium,3,43.103,1.008
Cefditoren pivoxil,Tranexamic acid,4,43.103,1.011
Candesartan Cilexetil,Diltiazem hydrochloride,10,43.066,1.026
Fosfomycin sodium,Tranexamic acid,4,42.614,1.011
Tipepidine hibenzate,Tranexamic acid,3,42.373,1.008
Acetaminophen,Ethyl loflazepate,6,42.293,1.04
Alimemazine tartrate,L-Carbocysteine,3,42.135,1.004
Pranlukast Hydrate,Theophylline,3,41.899,1.004
Felodipine,Sodium valproate,3,41.36,1.005
Imidapril Hydrochloride,Sodium valproate,3,41.36,1.005
Azithromycin Hydrate,Diltiazem hydrochloride,10,41.209,1.028
Acetaminophen,Loratadine,4,40.431,1.038
Cefpirome sulfate,Warfarin potassium,3,40.377,1.004
General cold medicine,Mosapride Citrate Hydrate,3,39.13,1.006
Imipenem hydrate/cilastatin sodium,Nicorandil,3,38.544,1.006
L-Carbocysteine,Tipepidine hibenzate,4,37.831,1.016
Fosfomycin sodium,Oseltamivir phosphate,4,37.406,1.01
Candesartan Cilexetil,Nitroglycerin,8,37.244,1.022
Cefmetazole Sodium,Meropenem hydrate,4,37.186,1.009
Sodium valproate,Zonisamide,6,36.765,1.021
Extract from inflamed skin of rabbits inoculated with vaccinia virus,Levofloxacin hydrate,6,36.578,1.008
Azithromycin Hydrate,Nitroglycerin,8,36.145,1.024
Cefcapene Pivoxil Hydrochloride Hydrate,Loratadine,4,36.058,1.039
Insulin Aspart (genetically recombinant),Lansoprazole,3,36.014,1.004
Cefcapene Pivoxil Hydrochloride Hydrate,Fosfomycin sodium,6,35.156,1.038
Acetaminophen,Fosfomycin sodium,5,34.787,1.033
Cefepime hydrochloride hydrate,Imidapril Hydrochloride,3,34.509,1.018
Argatroban hydrate,Candesartan Cilexetil,3,34.404,1.003
Digoxin,Enalapril Maleate,3,34.026,1.006
Glimepiride,Voglibose,3,33.988,1.004
Amlodipine besylate,Imidapril Hydrochloride,4,31.898,1.02
Cefepime hydrochloride hydrate,Human serum albumin,3,31.25,1.016
Famotidine,Phenytoin sodium,3,30.832,1.021
Levofloxacin hydrate,Telithromycin,7,30.069,1.024
Phenobarbital,Zonisamide,3,29.644,1.012
Isosorbide mononitrate,Levofloxacin hydrate,9,29.628,1.013
Voglibose,Warfarin potassium,3,29.489,1.004
Amlodipine besylate,Roxatidine Acetate Hydrochloride,4,29.376,1.018
Glimepiride,Warfarin potassium,3,29.335,1.004
Potassium chloride,Valsartan,3,28.986,1.003
Candesartan Cilexetil,Imidapril Hydrochloride,3,28.902,1.017
Theophylline,Tulobuterol,3,28.846,1.007
Clarithromycin,Tipepidine hibenzate,3,28.409,1.017
Cefepime hydrochloride hydrate,Roxatidine Acetate Hydrochloride,3,28.409,1.015
Mefenamic acid,Voglibose,3,28.302,1.005
Azithromycin Hydrate,Zonisamide,4,28.037,1.018
Cefepime hydrochloride hydrate,Nicardipine hydrochloride,3,27.985,1.015
Valsartan,Zonisamide,3,27.907,1.014
Cefmetazole Sodium,Mosapride Citrate Hydrate,3,27.769,1.006
Metoclopramide hydrochloride,Mosapride Citrate Hydrate,3,27.709,1.006
Phenytoin,Phenytoin sodium,3,27.557,1.021
Roxatidine Acetate Hydrochloride,Sodium valproate,3,27.473,1.005
Cefepime hydrochloride hydrate,Edaravone,3,26.786,1.014
Furosemide,Lisinopril hydrate,3,26.408,1.021
Candesartan Cilexetil,Roxatidine Acetate Hydrochloride,3,25.381,1.015
Indapamide,Levofloxacin hydrate,7,25.072,1.01
Brotizolam,Flunitrazepam,3,24.39,1.005
Levofloxacin hydrate,Piperacillin Sodium,7,24.373,1.019
Lansoprazole,Metoclopramide hydrochloride,3,24.207,1.01
Metoclopramide hydrochloride,Voglibose,3,24.122,1.005
Candesartan Cilexetil,Nicardipine hydrochloride,3,23.364,1.014
Nicardipine hydrochloride,Sodium valproate,3,23.334,1.005
Diclofenac sodium,Mefenamic acid,3,23.226,1.019
Cyproheptadine hydrochloride hydrate,L-Carbocysteine,3,23.136,1.004
Cefpirome sulfate,Diclofenac sodium,3,22.573,1.002
Phenytoin sodium,Sodium valproate,3,22.556,1.005
Oseltamivir phosphate,Tranexamic acid,4,22.535,1.011
Candesartan Cilexetil,Edaravone,3,22.523,1.013
Acetaminophen,Fluvoxamine Maleate,6,22.167,1.02
Felodipine,Valsartan,3,21.866,1.003
Diltiazem hydrochloride,Levofloxacin hydrate,7,21.429,1.01
Amlodipine besylate,Nicardipine hydrochloride,3,21.337,1.013
Flomoxef sodium,Levofloxacin hydrate,7,21.157,1.01
Amlodipine besylate,Edaravone,3,20.959,1.013
Clarithromycin,d-Chlorpheniramine maleate,3,20.921,1.012
Cefditoren pivoxil,L-Carbocysteine,4,20.464,1.005
Mefenamic acid,Warfarin potassium,3,20.188,1.004
Argatroban hydrate,aspirin,3,19.737,1.002
Teprenone,Zonisamide,3,19.659,1.013
Edaravone,aspirin,3,19.443,1.002
Loxoprofen sodium hydrate,Telithromycin,10,18.666,1.03
L-Carbocysteine,Tranexamic acid,3,18.511,1.008
Acetaminophen,Human serum albumin,3,18.473,1.017
Clarithromycin,Tranexamic acid,4,18.416,1.011
Cefepime hydrochloride hydrate,Levofloxacin hydrate,7,18.408,1.009
Levofloxacin hydrate,Nitroglycerin,5,18.382,1.014
Lansoprazole,Mosapride Citrate Hydrate,4,18.279,1.008
Acetaminophen,Domperidone,6,18.263,1.016
Minocycline hydrochloride,Sodium valproate,3,18.182,1.005
Azulenesulfonic acid sodium hydrate/L-glutamine,Sodium valproate,3,18.116,1.005
Furosemide,Potassium chloride,3,18.116,1.014
Cefdinir,Non-pirin cold medicine (4),3,17.647,1.006
Non-pirin cold medicine (4),Zonisamide,3,17.523,1.013
Azithromycin Hydrate,Candesartan Cilexetil,10,17.222,1.011
Metoclopramide hydrochloride,Warfarin potassium,3,17.212,1.004
Loxoprofen sodium hydrate,Piperacillin Sodium,10,17.198,1.027
Cefditoren pivoxil,Clarithromycin,3,17.071,1.004
Etodrak,Rebamipide,3,17.007,1.002
Amlodipine besylate,Cefepime hydrochloride hydrate,3,16.797,1.01
Candesartan Cilexetil,Levofloxacin hydrate,7,16.317,1.009
Phenobarbital,Sodium valproate,4,16.313,1.006
Furosemide,Insulin Aspart (genetically recombinant),3,16.234,1.012
Cefcapene Pivoxil Hydrochloride Hydrate,Serrapeptase,6,15.98,1.016
Eperisone hydrochloride,Teprenone,3,15.593,1.002
Famotidine,d-Chlorpheniramine maleate,3,15.584,1.01
Cefmetazole Sodium,Lansoprazole,3,15.416,1.003
Diclofenac sodium,Phenobarbital,3,15.254,1.012
Cefcapene Pivoxil Hydrochloride Hydrate,Ibuprofen,3,15.203,1.015
Ketoprofen,Loxoprofen sodium hydrate,3,14.985,1.001
Acetaminophen,Oseltamivir phosphate,7,14.97,1.013
Azithromycin Hydrate,Levofloxacin hydrate,7,14.831,1.009
Imidapril Hydrochloride,aspirin,3,14.706,1.002
Lansoprazole,Sulfamethoxazole-trimethoprim,4,14.56,1.006
Carbamazepine,Tocopherol Nicotinate,3,14.354,1.01
Sodium Ferrous Citrate,Valsartan,3,14.299,1.003
Phenobarbital,Voglibose,3,14.151,1.005
Loxoprofen sodium hydrate,Nitroglycerin,8,14.115,1.022
Cefcapene Pivoxil Hydrochloride Hydrate,Non-pirin cold medicine (4),8,13.736,1.014
Acetaminophen,Cefdinir,3,13.678,1.012
Acetaminophen,Mosapride Citrate Hydrate,6,13.62,1.012
Extract from inflamed skin of rabbits inoculated with vaccinia virus,Loxoprofen sodium hydrate,6,13.093,1.003
Indapamide,Loxoprofen sodium hydrate,10,12.86,1.005
Cefcapene Pivoxil Hydrochloride Hydrate,Oseltamivir phosphate,6,12.726,1.013
Famotidine,Phenytoin,3,12.605,1.008
Acetaminophen,Cefcapene Pivoxil Hydrochloride Hydrate,6,12.58,1.011
Furosemide,Mosapride Citrate Hydrate,5,12.5,1.009
Cefcapene Pivoxil Hydrochloride Hydrate,Misoprostol,3,12.123,1.012
Diclofenac sodium,Metoclopramide hydrochloride,3,12.081,1.009
Clarithromycin,L-Carbocysteine,6,12.077,1.007
Furosemide,Metoclopramide hydrochloride,3,11.905,1.009
Furosemide,Phenytoin,3,11.867,1.009
Acetaminophen,Cefepime hydrochloride hydrate,3,11.817,1.01
Nicorandil,aspirin,4,11.716,1.002
Isosorbide mononitrate,Loxoprofen sodium hydrate,10,11.714,1.005
Allopurinol,Nicorandil,5,11.673,1.009
Acetaminophen,Tranexamic acid,4,11.646,1.01
Eperisone hydrochloride,Loxoprofen sodium hydrate,3,11.381,1.001
Amoxicillin hydrate,Clarithromycin,3,11.379,1.004
Allopurinol,Sodium Ferrous Citrate,4,11.215,1.009
Amoxicillin hydrate,L-Carbocysteine,3,11.162,1.004
Carvedilol,Furosemide,3,11.106,1.001
Carbamazepine,Phenytoin,3,11.027,1.007
Flomoxef sodium,Loxoprofen sodium hydrate,10,10.978,1.005
Azithromycin Hydrate,Oseltamivir phosphate,3,10.976,1.007
Diltiazem hydrochloride,Loxoprofen sodium hydrate,10,10.922,1.005
Mizoribine,Prednisolone,3,10.563,1.001
Alfacalcidol,Valsartan,3,10.475,1.003
Pravastatin Sodium,Teprenone,3,10.309,1.002
Alendronate sodium hydrate,Prednisolone,3,10.285,1.001
Cefcapene Pivoxil Hydrochloride Hydrate,Tranexamic acid,4,10.246,1.01
Diclofenac sodium,Piperacillin Sodium,3,10.198,1.008
Cefepime hydrochloride hydrate,Sodium valproate,3,10.172,1.005
Phenobarbital,Warfarin potassium,3,10.121,1.004
Roxatidine Acetate Hydrochloride,aspirin,3,9.836,1.002
Furosemide,Piperacillin Sodium,3,9.715,1.007
Minocycline hydrochloride,Valsartan,3,9.634,1.003
Cefepime hydrochloride hydrate,Loxoprofen sodium hydrate,10,9.542,1.005
Diclofenac sodium,Non-pirin cold medicine (4),4,9.125,1.007
Candesartan Cilexetil,Loxoprofen sodium hydrate,11,9.117,1.005
Cefmetazole Sodium,Furosemide,4,9.099,1.002
Itraconazole,Teprenone,3,9.023,1.002
Candesartan Cilexetil,Sodium valproate,3,8.993,1.005
Allopurinol,Isoniazid,3,8.759,1.007
Amlodipine besylate,Glibenclamide,3,8.535,1.005
Itraconazole,aspirin,3,8.503,1.002
Nicardipine hydrochloride,aspirin,3,8.498,1.002
Amlodipine besylate,Sodium valproate,3,8.414,1.005
Azithromycin Hydrate,Loxoprofen sodium hydrate,11,8.354,1.005
Furosemide,Sodium Ferrous Citrate,3,8.224,1.006
Famotidine,Non-pirin cold medicine (4),3,7.907,1.005
Isoniazid,Teprenone,3,7.812,1.002
Allopurinol,Cefcapene Pivoxil Hydrochloride Hydrate,3,7.725,1.006
Famotidine,Mosapride Citrate Hydrate,3,7.722,1.005
Bucillamine,Prednisolone,3,7.711,1.001
Famotidine,Meropenem hydrate,3,7.694,1.005
Allopurinol,Carvedilol,3,7.611,1.006
Cefcapene Pivoxil Hydrochloride Hydrate,Vancomycin hydrochloride,3,7.382,1.007
Furosemide,Valsartan,7,7.353,1.005
Furosemide,Meropenem hydrate,3,7.324,1.005
Phenobarbital,Valsartan,3,7.31,1.003
Famotidine,Sodium valproate,3,7.252,1.004
Diclofenac sodium,Glimepiride,3,7.073,1.005
Levofloxacin hydrate,Non-pirin cold medicine (4),3,7.062,1.005
Prednisolone,Sulfamethoxazole-trimethoprim,5,7.059,1.005
Amlodipine besylate,Candesartan Cilexetil,5,7.049,1.004
Clarithromycin,Levofloxacin hydrate,3,6.859,1.004
Furosemide,Nicorandil,3,6.818,1.005
Furosemide,Lansoprazole,5,6.551,1.004
Diclofenac sodium,Voglibose,3,6.486,1.005
Loxoprofen sodium hydrate,Non-pirin cold medicine (4),6,6.279,1.009
Amlodipine besylate,Losartan Potassium,3,6.241,1.003
Loxoprofen sodium hydrate,Misoprostol,3,6.122,1.008
Leflunomide,Prednisolone,3,6.081,1.001
Allopurinol,Furosemide,11,5.997,1.004
Candesartan Cilexetil,Etizolam,3,5.624,1.003
Clarithromycin,Lansoprazole,3,5.549,1.003
Levofloxacin hydrate,Loxoprofen sodium hydrate,9,5.512,1.004
Amlodipine besylate,aspirin,6,5.377,1.003
Furosemide,Theophylline,3,5.319,1.003
Allopurinol,Valsartan,5,5.249,1.004
Sodium valproate,Valsartan,3,5.1,1.002
Allopurinol,aspirin,7,4.991,1.003
Amlodipine besylate,Valsartan,4,4.825,1.002
Valsartan,aspirin,4,4.779,1.002
Diclofenac sodium,Warfarin potassium,3,4.756,1.003
Carbamazepine,Nifedipine,3,4.718,1.003
Phenytoin sodium,Prednisolone,3,4.704,1.001
Itraconazole,Prednisolone,3,4.657,1.001
Diclofenac sodium,Levofloxacin hydrate,3,4.657,1.003
Non-pirin cold medicine (4),Ticlopidine hydrochloride,3,4.557,1.003
Cefmetazole Sodium,Famotidine,3,4.494,1.001
Furosemide,Spironolactone,4,4.464,1.003
Amlodipine besylate,Furosemide,6,4.408,1.002
Loxoprofen sodium hydrate,Oseltamivir phosphate,3,4.281,1.005
Cefcapene Pivoxil Hydrochloride Hydrate,Loxoprofen sodium hydrate,9,4.142,1.003
Furosemide,aspirin,6,4.141,1.003
Diclofenac sodium,Loxoprofen sodium hydrate,7,3.946,1.002
Cefepime hydrochloride hydrate,aspirin,3,3.735,1.001
Sodium valproate,Teprenone,3,3.713,1.002
Cefcapene Pivoxil Hydrochloride Hydrate,L-Carbocysteine,3,3.701,1.003
Sodium valproate,aspirin,3,3.49,1.001
Allopurinol,Teprenone,4,3.177,1.002
Lansoprazole,Prednisolone,4,3.129,1.001
Famotidine,Furosemide,5,3.111,1.001
General cold medicine (over-the-counter medicine),Loxoprofen sodium hydrate,3,3.091,1.001
Loxoprofen sodium hydrate,Rebamipide,8,3.088,1.003
Candesartan Cilexetil,aspirin,3,3.04,1.001
Loxoprofen sodium hydrate,Teprenone,8,2.812,1.003
Non-pirin cold medicine (4),Teprenone,3,2.549,1.001
Diclofenac sodium,Rebamipide,3,2.521,1.001
Allopurinol,Loxoprofen sodium hydrate,4,2.367,1.001
Allopurinol,Amlodipine besylate,4,2.165,1.001
Loxoprofen sodium hydrate,Mecobalamin,3,2.059,1.002
Cefcapene Pivoxil Hydrochloride Hydrate,Diclofenac sodium,3,2.057,1.001
Loxoprofen sodium hydrate,Nifedipine,3,1.999,1.002
Prednisolone,Teprenone,3,1.954,1.001
Phenytoin,Prednisolone,4,1.9,1.001
Famotidine,Prednisolone,4,1.734,1.001
Furosemide,Prednisolone,3,1.27,1.0
Allopurinol,Prednisolone,3,1.257,1.0
Diclofenac sodium,Prednisolone,3,1.171,1.0
