antecedents,consequents,antecedent support,consequent support,support,confidence,lift,representativity,leverage,conviction,zhangs_metric,jaccard,certainty,kulczynski
Basiliximab (genetical recombination),frozenset({'Mycophenolate mofetil'}),0.004066666666666666,0.010866666666666667,0.0036333333333333335,0.8934426229508198,82.21864628381778,1.0,0.0035891422222222224,9.282635897435906,0.9918709172653807,0.32153392330383485,0.8922719784499762,0.6138992255858393
Calcium Levofolinate,frozenset({'Fluorouracil'}),0.007366666666666666,0.014533333333333334,0.007333333333333333,0.995475113122172,68.49599402216779,1.0,0.007226271111111111,217.78813333333412,0.9927135962194225,0.5034324942791762,0.9954083816014463,0.7500311345427373
Oxaliplatin,frozenset({'Calcium Levofolinate'}),0.004066666666666666,0.007366666666666666,0.004033333333333333,0.9918032786885247,134.63392923373638,1.0,0.0040033755555555555,121.10126666666818,0.9966253950638934,0.545045045045045,0.9917424480558696,0.7696572954528597
Doxorubicin hydrochloride,frozenset({'Cyclophosphamide hydrate'}),0.01,0.0204,0.007066666666666666,0.7066666666666667,34.64052287581699,1.0,0.006862666666666666,3.339545454545455,0.9809414903754526,0.30285714285714277,0.7005580509051313,0.5265359477124183
Vincristine sulfate,frozenset({'Cyclophosphamide hydrate'}),0.013266666666666666,0.0204,0.010066666666666666,0.7587939698492463,37.195782835747366,1.0,0.009796026666666666,4.061258333333335,0.9861988025688257,0.42655367231638425,0.7537708961303046,0.626129011068414
Dobutamine hydrochloride,frozenset({'Dopamine hydrochloride'}),0.004166666666666667,0.012233333333333334,0.0035,0.8400000000000001,68.66485013623979,1.0,0.003449027777777778,6.17354166666667,0.9895596732416817,0.2713178294573643,0.8380184254041103,0.5630517711171663
Doxorubicin hydrochloride,frozenset({'Vincristine sulfate'}),0.01,0.013266666666666666,0.0071333333333333335,0.7133333333333334,53.76884422110553,1.0,0.007000666666666667,3.4420930232558145,0.9913150193524025,0.44214876033057854,0.7094790892507263,0.6255108877721943
Efavirenz,frozenset({'Lamivudine'}),0.0055,0.011533333333333333,0.0044666666666666665,0.8121212121212121,70.41513399894903,1.0,0.0044032333333333335,5.261193548387097,0.9912503845778649,0.3554376657824935,0.8099290606203671,0.5997022245577159
Ethambutol Hydrochloride,frozenset({'Isoniazid'}),0.006533333333333334,0.012566666666666667,0.0049,0.7499999999999999,59.68169761273209,1.0,0.004817897777777778,3.9497333333333318,0.9897105533932805,0.34507042253521125,0.746818350605948,0.5699602122015914
Ethambutol Hydrochloride,frozenset({'Rifampin'}),0.006533333333333334,0.0075,0.005266666666666667,0.8061224489795918,107.48299319727892,1.0,0.005217666666666667,5.11921052631579,0.9972113164658893,0.6007604562737644,0.8046573793245257,0.7541723356009071
Rifampin,frozenset({'Ethambutol Hydrochloride'}),0.0075,0.006533333333333334,0.005266666666666667,0.7022222222222223,107.48299319727892,1.0,0.005217666666666667,3.336268656716419,0.9981825718202978,0.6007604562737644,0.7002639466738246,0.7541723356009071
Oxaliplatin,frozenset({'Fluorouracil'}),0.004066666666666666,0.014533333333333334,0.004,0.9836065573770493,67.67935027823734,1.0,0.003940897777777778,60.11346666666701,0.9892473838052523,0.27397260273972607,0.9833647923593383,0.6294179575876072
Folic acid,frozenset({'Infliximab (genetical recombination)'}),0.009766666666666667,0.022266666666666667,0.0069,0.7064846416382252,31.72835216938137,1.0,0.006682528888888889,3.33111472868217,0.9780345854496143,0.27453580901856767,0.6998001925933027,0.5081824405795916
Folic acid,frozenset({'Methotrexate'}),0.009766666666666667,0.0462,0.0092,0.9419795221843004,20.38916714684633,1.0,0.00874878,16.43902352941177,0.9603336060451277,0.19672131147540983,0.9391691362804575,0.5705568606592497
Folic acid,frozenset({'Prednisolone'}),0.009766666666666667,0.091,0.0077666666666666665,0.7952218430034129,8.738701571466077,1.0,0.0068779,4.438949999999999,0.8943008620242539,0.08351254480286738,0.7747214994536996,0.44028491417569915
Infliximab (genetical recombination),frozenset({'Methotrexate'}),0.022266666666666667,0.0462,0.0184,0.8263473053892215,17.88630531145501,1.0,0.01737128,5.492572413793102,0.9655918154382511,0.3675099866844208,0.8179359460989951,0.6123078518288099
Infliximab (genetical recombination),frozenset({'Prednisolone'}),0.022266666666666667,0.091,0.017233333333333333,0.7739520958083832,8.504968085806409,1.0,0.015207066666666666,4.021271523178807,0.902517724781406,0.17945157931273864,0.7513224376329848,0.4816646925928363
Interferon alpha-2b (genetical recombination),frozenset({'Ribavirin'}),0.014966666666666666,0.017766666666666667,0.0138,0.9220489977728286,51.89769218233557,1.0,0.013534092222222223,12.600650476190484,0.9956326220272266,0.7288732394366195,0.9206390176531325,0.8493922287175588
Ribavirin,frozenset({'Interferon alpha-2b (genetical recombination)'}),0.017766666666666667,0.014966666666666666,0.0138,0.776735459662289,51.89769218233557,1.0,0.013534092222222223,4.4119560224089645,0.9984708186624555,0.7288732394366195,0.7733431623250878,0.8493922287175588
Pyrazinamide,frozenset({'Isoniazid'}),0.0031333333333333335,0.012566666666666667,0.0030666666666666668,0.9787234042553191,77.88249901235962,1.0,0.0030272911111111113,46.4093666666666,0.990262968896746,0.2427440633245383,0.9784526255834849,0.611377617247023
Rifampin,frozenset({'Isoniazid'}),0.0075,0.012566666666666667,0.0057,0.76,60.47745358090186,1.0,0.0056057500000000005,4.114305555555556,0.9908966370586415,0.39675174013921116,0.7569456165817102,0.6067904509283819
Sanilvudine,frozenset({'Lamivudine'}),0.0066,0.011533333333333333,0.005866666666666667,0.888888888888889,77.07129094412332,1.0,0.005790546666666667,8.896200000000006,0.9935826454600363,0.4782608695652173,0.8875924552055935,0.6987797045600515
Zidovudine,frozenset({'Lamivudine'}),0.0036333333333333335,0.011533333333333333,0.003033333333333333,0.8348623853211008,72.38691202206077,1.0,0.0029914288888888887,5.985714814814811,0.9897815542993021,0.25,0.8329355756266617,0.5489340828339608
Leflunomide,frozenset({'Prednisolone'}),0.010033333333333333,0.091,0.007666666666666666,0.7641196013289037,8.396918695922018,1.0,0.006753633333333333,3.853647887323944,0.8898367241174862,0.08211353088182792,0.7405056120229964,0.424184342788994
Peginterferon alpha-2b (genetical recombination),frozenset({'Ribavirin'}),0.0042,0.017766666666666667,0.004166666666666667,0.9920634920634921,55.83847047261681,1.0,0.0040920466666666665,123.76140000000044,0.9862333801968267,0.2340823970037453,0.9919199362644573,0.6132925340242413
"Infliximab (genetical recombination), Adrenal hormones",frozenset({'Methotrexate'}),0.006466666666666667,0.0462,0.006466666666666667,1.0,21.645021645021647,1.0,0.006167906666666666,inf,0.9600080520700529,0.13997113997113997,1.0,0.56998556998557
"Adrenal hormones, Methotrexate",frozenset({'Infliximab (genetical recombination)'}),0.006633333333333333,0.022266666666666667,0.006466666666666667,0.9748743718592965,43.78178316733367,1.0,0.006318964444444445,38.913786666666674,0.9836845577381511,0.28826151560178304,0.9743021667727702,0.6326467667679716
"Prednisolone, Adrenal hormones",frozenset({'Infliximab (genetical recombination)'}),0.0063,0.022266666666666667,0.005966666666666667,0.9470899470899471,42.53397965972816,1.0,0.005826386666666667,18.47916,0.9826802711833152,0.2640117994100295,0.9458849861140874,0.6075270094731173
"Infliximab (genetical recombination), Adrenal hormones",frozenset({'Prednisolone'}),0.006466666666666667,0.091,0.005966666666666667,0.9226804123711341,10.139345190891584,1.0,0.0053782000000000005,11.756400000000008,0.9072411276346819,0.06520947176684883,0.9149399476030078,0.4941240889694498
"Prednisolone, Adrenal hormones",frozenset({'Methotrexate'}),0.0063,0.0462,0.006,0.9523809523809524,20.614306328592043,1.0,0.00570894,20.029800000000023,0.9575223910637013,0.12903225806451613,0.9500743891601514,0.5411255411255411
"Adrenal hormones, Methotrexate",frozenset({'Prednisolone'}),0.006633333333333333,0.091,0.006,0.9045226130653267,9.93980893478381,1.0,0.005396366666666667,9.520578947368424,0.9054002662103062,0.06547835576573299,0.8949643708089402,0.4852283394996963
"Alendronate sodium hydrate, Methotrexate",frozenset({'Prednisolone'}),0.0043,0.091,0.0036,0.8372093023255813,9.200102223358037,1.0,0.0032087,5.58385714285714,0.8951547208552331,0.03925845147219193,0.8209123237905185,0.43838487094301043
"Infliximab (genetical recombination), Alfacalcidol",frozenset({'Methotrexate'}),0.0037,0.0462,0.003533333333333333,0.9549549549549549,20.67002067002067,1.0,0.003362393333333333,21.174359999999954,0.9551548275790235,0.07620416966211359,0.9527730708271701,0.5157170157170157
"Infliximab (genetical recombination), Alfacalcidol",frozenset({'Prednisolone'}),0.0037,0.091,0.0031666666666666666,0.8558558558558558,9.405009405009404,1.0,0.0028299666666666665,6.3061874999999965,0.8969925566702062,0.03459577567370721,0.8414255839998414,0.4453271953271953
"Alfacalcidol, Methotrexate",frozenset({'Prednisolone'}),0.006,0.091,0.004966666666666667,0.8277777777777778,9.096459096459098,1.0,0.0044206666666666665,5.278064516129034,0.8954397526096174,0.05396595436436074,0.8105366092164773,0.4411782661782662
"Bucillamine, Methotrexate",frozenset({'Prednisolone'}),0.004933333333333333,0.091,0.0038,0.7702702702702703,8.464508464508464,1.0,0.0033510666666666665,3.956823529411765,0.8862317256359443,0.04124457308248915,0.7472720244997473,0.406014256014256
"Calcium Levofolinate, Neutropenia",frozenset({'Fluorouracil'}),0.003,0.014533333333333334,0.003,1.0,68.80733944954129,1.0,0.0029564,inf,0.9884319625543296,0.20642201834862384,1.0,0.6032110091743119
"Fluorouracil, Neutropenia",frozenset({'Calcium Levofolinate'}),0.0034,0.007366666666666666,0.003,0.8823529411764707,119.77641735427204,1.0,0.0029749533333333334,8.43738333333334,0.9950342274845585,0.3862660944206009,0.8814798426842446,0.6447963800904978
"Calcium Levofolinate, Oxaliplatin",frozenset({'Fluorouracil'}),0.004033333333333333,0.014533333333333334,0.004,0.9917355371900827,68.23868375161119,1.0,0.003941382222222223,119.24146666666707,0.989335876925823,0.27459954233409606,0.9916136556522284,0.6334824474941239
"Oxaliplatin, Fluorouracil",frozenset({'Calcium Levofolinate'}),0.004,0.007366666666666666,0.004,1.0,135.74660633484163,1.0,0.003970533333333333,inf,0.996619812583668,0.5429864253393665,1.0,0.7714932126696833
Oxaliplatin,"frozenset({'Calcium Levofolinate', 'Fluorouracil'})",0.004066666666666666,0.007333333333333333,0.004,0.9836065573770493,134.12816691505216,1.0,0.003970177777777778,60.55266666666701,0.9965972733560925,0.5405405405405406,0.983485450682051,0.7645305514157974
"Prednisolone, Doxorubicin hydrochloride",frozenset({'Cyclophosphamide hydrate'}),0.004366666666666666,0.0204,0.004166666666666667,0.9541984732824428,46.77443496482562,1.0,0.0040775866666666665,21.38793333333335,0.9829128527905184,0.20226537216828477,0.9532446644369567,0.5792234196477574
"Doxorubicin hydrochloride, Rituximab (genetical recombination)",frozenset({'Cyclophosphamide hydrate'}),0.0041,0.0204,0.0041,1.0,49.01960784313725,1.0,0.00401636,inf,0.9836328948689627,0.20098039215686275,1.0,0.6004901960784313
"Cyclophosphamide hydrate, Doxorubicin hydrochloride",frozenset({'Vincristine sulfate'}),0.007066666666666666,0.013266666666666666,0.006366666666666666,0.9009433962264151,67.91030624822224,1.0,0.006272915555555555,9.961307936507934,0.9922868550321047,0.45584725536992843,0.8996115764743076,0.6904214468569261
"Vincristine sulfate, Doxorubicin hydrochloride",frozenset({'Cyclophosphamide hydrate'}),0.0071333333333333335,0.0204,0.006366666666666666,0.8925233644859812,43.75114531794026,1.0,0.006221146666666667,9.114539130434776,0.9841638241093623,0.3007874015748031,0.8902851822029209,0.6023074338769775
"Prednisolone, Rituximab (genetical recombination)",frozenset({'Cyclophosphamide hydrate'}),0.004566666666666667,0.0204,0.0041,0.8978102189781022,44.01030485186775,1.0,0.00400684,9.586085714285716,0.981761425959034,0.1964856230031949,0.8956821345223583,0.5493953055674825
"Prednisolone, Cyclophosphamide hydrate",frozenset({'Vincristine sulfate'}),0.0084,0.013266666666666666,0.0059,0.7023809523809524,52.94328786791099,1.0,0.00578856,3.3154240000000006,0.9894230177559294,0.3742071881606765,0.6983794531257541,0.5735522852357023
"Prednisolone, Vincristine sulfate",frozenset({'Cyclophosphamide hydrate'}),0.006333333333333333,0.0204,0.0059,0.9315789473684211,45.6656346749226,1.0,0.0057707999999999995,14.317230769230772,0.9843358217865691,0.28319999999999995,0.930154090821173,0.6103973168214654
"Cyclophosphamide hydrate, Rituximab (genetical recombination)",frozenset({'Vincristine sulfate'}),0.0066,0.013266666666666666,0.005533333333333334,0.8383838383838385,63.19476168722401,1.0,0.005445773333333333,6.105412500000003,0.990714620107165,0.3860465116279071,0.8362109030307125,0.6277346327597584
"Vincristine sulfate, Rituximab (genetical recombination)",frozenset({'Cyclophosphamide hydrate'}),0.0056,0.0204,0.005533333333333334,0.9880952380952381,48.43604108309991,1.0,0.005419093333333334,82.2864000000003,0.9848694859890084,0.2703583061889251,0.9878473234945265,0.6296685340802988
"Diphenhydramine hydrochloride, Paclitaxel",frozenset({'Dexamethasone sodium phosphate'}),0.0038666666666666667,0.0207,0.0036333333333333335,0.9396551724137931,45.39396968182576,1.0,0.0035532933333333335,16.22840000000001,0.9817668071896348,0.1735668789808917,0.9383796307707476,0.557589260925093
"Diphenhydramine hydrochloride, Dexamethasone sodium phosphate",frozenset({'Paclitaxel'}),0.004066666666666666,0.014333333333333333,0.0036333333333333335,0.8934426229508198,62.33320625238277,1.0,0.0035750444444444447,9.250102564102573,0.9879749513464848,0.24604966139954856,0.8918930905825023,0.5734654975219216
"Folic acid, Diclofenac sodium",frozenset({'Methotrexate'}),0.003033333333333333,0.0462,0.003033333333333333,1.0,21.645021645021647,1.0,0.0028931933333333332,inf,0.9567019960546993,0.06565656565656566,1.0,0.5328282828282829
"Diclofenac sodium, Infliximab (genetical recombination)",frozenset({'Methotrexate'}),0.006,0.0462,0.005933333333333333,0.9888888888888888,21.404521404521404,1.0,0.005656133333333333,85.84199999999944,0.9590351095336062,0.1282420749279539,0.9883506908040353,0.5586580086580086
"Diclofenac sodium, Infliximab (genetical recombination)",frozenset({'Prednisolone'}),0.006,0.091,0.005333333333333333,0.8888888888888888,9.768009768009767,1.0,0.004787333333333333,8.180999999999997,0.903043259557344,0.058181818181818175,0.877765554333211,0.47374847374847373
"Diclofenac sodium, Methotrexate",frozenset({'Prednisolone'}),0.0093,0.091,0.0076,0.8172043010752689,8.980267044783174,1.0,0.0067537,4.972764705882354,0.896986713275568,0.0819848975188781,0.7989046216449602,0.4503603922958762
"Prednisolone, Doxorubicin hydrochloride",frozenset({'Vincristine sulfate'}),0.004366666666666666,0.013266666666666666,0.004166666666666667,0.9541984732824428,71.92450803636504,1.0,0.004108735555555555,21.543677777777795,0.9904213733302084,0.30940594059405935,0.953582670038284,0.6341344125206184
"Vincristine sulfate, Rituximab (genetical recombination)",frozenset({'Doxorubicin hydrochloride'}),0.0056,0.01,0.004033333333333333,0.7202380952380952,72.02380952380952,1.0,0.003977333333333334,3.538723404255319,0.9916690491546047,0.34870317002881845,0.7174122174122174,0.5617857142857143
"Doxorubicin hydrochloride, Rituximab (genetical recombination)",frozenset({'Vincristine sulfate'}),0.0041,0.013266666666666666,0.004033333333333333,0.9837398373983739,74.15124402500307,1.0,0.00397894,60.684099999999674,0.990575408762704,0.3025,0.9835212189024801,0.6438799689504432
"Ethambutol Hydrochloride, Isoniazid",frozenset({'Rifampin'}),0.0049,0.0075,0.004533333333333334,0.925170068027211,123.3560090702948,1.0,0.004496583333333333,13.263409090909116,0.9967775925564678,0.5762711864406781,0.9246046025463084,0.7648072562358278
"Ethambutol Hydrochloride, Rifampin",frozenset({'Isoniazid'}),0.005266666666666667,0.012566666666666667,0.004533333333333334,0.8607594936708861,68.49545042473895,1.0,0.004467148888888889,7.091566666666669,0.990617743645947,0.3408521303258146,0.858987435780528,0.6107510996205889
"Rifampin, Isoniazid",frozenset({'Ethambutol Hydrochloride'}),0.0057,0.006533333333333334,0.004533333333333334,0.7953216374269007,121.73290368779091,1.0,0.004496093333333334,4.8537942857142875,0.9974708781229479,0.5887445887445888,0.7939756114215213,0.7445995942236544
"Spironolactone, Famotidine",frozenset({'Furosemide'}),0.004566666666666667,0.0622,0.0032,0.7007299270072993,11.265754453493559,1.0,0.0029159533333333334,3.1336243902439027,0.9154158155577137,0.05034084950183534,0.6808807069815518,0.37608843617245996
"Infliximab (genetical recombination), Famotidine",frozenset({'Methotrexate'}),0.003766666666666667,0.0462,0.0034,0.902654867256637,19.537984139754048,1.0,0.00322598,9.798127272727257,0.9524050393737983,0.07301360057265568,0.8979396804955305,0.4881239704248553
"Infliximab (genetical recombination), Famotidine",frozenset({'Prednisolone'}),0.003766666666666667,0.091,0.0034,0.902654867256637,9.91928425556744,1.0,0.003057233333333333,9.337909090909077,0.9025860151669327,0.03721269609631521,0.8929096449467954,0.4700087523096372
"Famotidine, Methotrexate",frozenset({'Prednisolone'}),0.0074333333333333335,0.091,0.0057,0.7668161434977578,8.42655102744789,1.0,0.0050235666666666665,3.8982115384615383,0.8879277483092154,0.06146657081236521,0.7434721050580394,0.41472675306756024
"Folic acid, Infliximab (genetical recombination)",frozenset({'Methotrexate'}),0.0069,0.0462,0.006866666666666667,0.9951690821256038,21.54045632306502,1.0,0.0065478866666666665,197.43659999999912,0.9602011158547376,0.14852198990627255,0.9949350829582762,0.5718991153773763
"Folic acid, Methotrexate",frozenset({'Infliximab (genetical recombination)'}),0.0092,0.022266666666666667,0.006866666666666667,0.7463768115942029,33.51991668836241,1.0,0.006661813333333333,3.855062857142857,0.9791754040081369,0.27913279132791324,0.7406008573512235,0.5273800225635685
Folic acid,"frozenset({'Infliximab (genetical recombination)', 'Methotrexate'})",0.009766666666666667,0.0184,0.006866666666666667,0.7030716723549488,38.210416975812436,1.0,0.0066869600000000005,3.3058482758620693,0.9834339982632971,0.3223787167449139,0.6975057786827107,0.5381300390760251
"Folic acid, Prednisolone",frozenset({'Infliximab (genetical recombination)'}),0.0077666666666666665,0.022266666666666667,0.006266666666666667,0.8068669527896997,36.236539795944594,1.0,0.006093728888888889,5.0624859259259285,0.9800149959007869,0.26367461430575034,0.8024685866524952,0.5441520392691013
"Folic acid, Infliximab (genetical recombination)",frozenset({'Prednisolone'}),0.0069,0.091,0.006266666666666667,0.9082125603864735,9.980357806444763,1.0,0.005638766666666667,9.90331578947369,0.9060549707877975,0.06838850491087668,0.8990237187970005,0.48853851462547115
"Folic acid, Loxoprofen sodium hydrate",frozenset({'Methotrexate'}),0.0032333333333333333,0.0462,0.0031333333333333335,0.9690721649484536,20.975587985897263,1.0,0.0029839533333333333,30.839533333333332,0.9554147061313851,0.06767458603311736,0.9675740878050467,0.5184466163847608
"Folic acid, Prednisolone",frozenset({'Methotrexate'}),0.0077666666666666665,0.0462,0.007633333333333333,0.9828326180257511,21.273433290600675,1.0,0.007274513333333333,55.55884999999996,0.9604525277324923,0.1647482014388489,0.9820010673367069,0.5740281416247082
"Folic acid, Methotrexate",frozenset({'Prednisolone'}),0.0092,0.091,0.007633333333333333,0.8297101449275363,9.117693900302596,1.0,0.006796133333333333,5.337957446808511,0.89859017370287,0.08246308966510624,0.8126624256628562,0.4567964644051601
Folic acid,"frozenset({'Prednisolone', 'Methotrexate'})",0.009766666666666667,0.0283,0.007633333333333333,0.7815699658703071,27.617313281636296,1.0,0.007356936666666667,4.448564062499999,0.9732966940731039,0.25082146768893754,0.7752083625299034,0.5256495294604775
"Spironolactone, Warfarin potassium",frozenset({'Furosemide'}),0.004433333333333333,0.0622,0.0035666666666666668,0.8045112781954887,12.934264922757054,1.0,0.0032909133333333335,4.797207692307692,0.9267947714618923,0.05655391120507399,0.7915454022131464,0.4309265930098558
"Spironolactone, aspirin",frozenset({'Furosemide'}),0.004733333333333333,0.0622,0.0033333333333333335,0.7042253521126761,11.32195099859608,1.0,0.00303892,3.1706571428571433,0.9160117891352401,0.05241090146750524,0.6846079677038559,0.3789079600863488
"Infliximab (genetical recombination), Isoniazid",frozenset({'Methotrexate'}),0.0047666666666666664,0.0462,0.0047666666666666664,1.0,21.645021645021647,1.0,0.004546446666666666,inf,0.9583682218575209,0.10317460317460317,1.0,0.5515873015873016
"Methotrexate, Isoniazid",frozenset({'Infliximab (genetical recombination)'}),0.005,0.022266666666666667,0.0047666666666666664,0.9533333333333333,42.81437125748503,1.0,0.004655333333333333,20.951428571428536,0.9815511122043785,0.21185185185185182,0.952270557752625,0.5837025948103792
"Prednisolone, Isoniazid",frozenset({'Infliximab (genetical recombination)'}),0.005666666666666667,0.022266666666666667,0.0042,0.7411764705882352,33.2863684395914,1.0,0.004073822222222222,3.7776060606060593,0.9754854226862273,0.17696629213483142,0.7352820850145594,0.4648996125396266
"Infliximab (genetical recombination), Isoniazid",frozenset({'Prednisolone'}),0.0047666666666666664,0.091,0.0042,0.8811188811188811,9.682625067240453,1.0,0.003766233333333333,7.646294117647061,0.9010170702571144,0.045868219876228605,0.8692176909998692,0.4636363636363636
"Infliximab (genetical recombination), Loxoprofen sodium hydrate",frozenset({'Methotrexate'}),0.0054666666666666665,0.0462,0.005366666666666666,0.9817073170731707,21.24907612712491,1.0,0.0051141066666666665,52.14106666666662,0.9581771656067664,0.11591072714182864,0.980821259250546,0.5489344666173934
"Infliximab (genetical recombination), Loxoprofen sodium hydrate",frozenset({'Prednisolone'}),0.0054666666666666665,0.091,0.0047666666666666664,0.8719512195121951,9.581881533101045,1.0,0.0042692,7.098857142857143,0.900559421808919,0.051981097782624504,0.8591322546888835,0.46216608594657377
"Prednisolone, Infliximab (genetical recombination)",frozenset({'Methotrexate'}),0.017233333333333333,0.0462,0.015733333333333332,0.9129593810444874,19.761025563733494,1.0,0.014937153333333331,10.958102222222216,0.9660434884337253,0.32983927323549966,0.908743322546118,0.6267538607964139
"Infliximab (genetical recombination), Methotrexate",frozenset({'Prednisolone'}),0.0184,0.091,0.015733333333333332,0.8550724637681159,9.396400700748526,1.0,0.014058933333333332,6.2720999999999965,0.9103262746398133,0.16797153024911032,0.8405637665215796,0.5139831183309443
Infliximab (genetical recombination),"frozenset({'Prednisolone', 'Methotrexate'})",0.022266666666666667,0.0283,0.015733333333333332,0.7065868263473053,24.96773237976344,1.0,0.015103186666666666,3.3117122448979583,0.9818099397430238,0.4516746411483254,0.6980413979081047,0.631267500335019
"Teprenone, Infliximab (genetical recombination)",frozenset({'Methotrexate'}),0.0031,0.0462,0.003,0.967741935483871,20.94679514034353,1.0,0.00285678,29.567800000000027,0.9552211856755943,0.06479481641468683,0.9661794249149412,0.5163385002094679
"pneumonia, Infliximab (genetical recombination)",frozenset({'Methotrexate'}),0.0039,0.0462,0.0038,0.9743589743589745,21.090021090021093,1.0,0.00361982,37.198200000000135,0.9563138344807909,0.08207343412526998,0.9731169787785432,0.5283050283050283
"pneumonia, Methotrexate",frozenset({'Infliximab (genetical recombination)'}),0.0047,0.022266666666666667,0.0038,0.8085106382978723,36.310358007389475,1.0,0.0036953466666666667,5.105940740740739,0.9770517925477816,0.16402877697841728,0.8041497050639632,0.4895846604663014
"pneumonia, Infliximab (genetical recombination)",frozenset({'Prednisolone'}),0.0039,0.091,0.0036666666666666666,0.9401709401709402,10.331548793087254,1.0,0.0033117666666666666,15.193285714285713,0.9067453979611394,0.0401899890390939,0.9341814523332675,0.4902319902319902
"Prednisolone, Isoniazid",frozenset({'Methotrexate'}),0.005666666666666667,0.0462,0.0044,0.7764705882352941,16.80672268907563,1.0,0.0041382,4.267,0.945859872611465,0.09269662921348315,0.7656433091164753,0.4358543417366947
"Isoniazid, Methotrexate",frozenset({'Prednisolone'}),0.005,0.091,0.0044,0.88,9.670329670329672,1.0,0.003945000000000001,7.575,0.9010963910461399,0.048034934497816595,0.8679867986798679,0.4641758241758242
"Lansoprazole, Methotrexate",frozenset({'Prednisolone'}),0.0036,0.091,0.0032,0.888888888888889,9.768009768009769,1.0,0.0028724,8.181000000000004,0.9008681252509033,0.0350109409190372,0.8777655543332111,0.46202686202686205
"Loxoprofen sodium hydrate, Methotrexate",frozenset({'Prednisolone'}),0.009433333333333334,0.091,0.0072,0.7632508833922261,8.387372344969519,1.0,0.006341566666666666,3.839507462686567,0.8891608992981944,0.07722559885591705,0.7395499267241211,0.42118588125655265
"Rebamipide, Methotrexate",frozenset({'Prednisolone'}),0.0049,0.091,0.004166666666666667,0.8503401360544218,9.34439709949914,1.0,0.0037207666666666667,6.07377272727273,0.8973811677218371,0.045421511627906974,0.8353576854284068,0.44806384092098384
"Risedronate sodium hydrate, Methotrexate",frozenset({'Prednisolone'}),0.0037,0.091,0.0031333333333333335,0.8468468468468469,9.306009306009306,1.0,0.0027966333333333333,5.935235294117648,0.8958572249237071,0.03421914816163087,0.8315146829998316,0.44063954063954064
"Sulfasalazine, Methotrexate",frozenset({'Prednisolone'}),0.0049,0.091,0.004033333333333333,0.8231292517006803,9.045376392315168,1.0,0.0035874333333333333,5.139346153846155,0.89382602853154,0.04390420899854862,0.8054227191426626,0.4337257980115123
"Teprenone, Methotrexate",frozenset({'Prednisolone'}),0.005533333333333334,0.091,0.004366666666666666,0.789156626506024,8.67205084072554,1.0,0.0038631333333333327,4.311257142857142,0.8896095289610142,0.04737793851717902,0.7680490940660331,0.418570987245686
"pneumonia, Methotrexate",frozenset({'Prednisolone'}),0.0047,0.091,0.004066666666666666,0.8652482269503545,9.50822227417972,1.0,0.0036389666666666663,6.745736842105259,0.8990534199261118,0.04437977446344125,0.8517582254679368,0.4549684358194996
"Nicorandil, Ticlopidine hydrochloride",frozenset({'aspirin'}),0.0043,0.05003333333333333,0.0030666666666666668,0.7131782945736435,14.254063182684414,1.0,0.0028515233333333335,3.3120459459459464,0.9338601639222569,0.059817945383615095,0.6980718213694973,0.3872353831295932
"Prednisolone, Rituximab (genetical recombination)",frozenset({'Vincristine sulfate'}),0.004566666666666667,0.013266666666666666,0.0038666666666666667,0.8467153284671532,63.822763452297984,1.0,0.003806082222222222,6.437260317460316,0.9888473454060901,0.2768496420047733,0.8446544103106073,0.569086307449657
"Prednisolone, Infliximab (genetical recombination), Adrenal hormones",frozenset({'Methotrexate'}),0.005966666666666667,0.0462,0.005966666666666667,1.0,21.645021645021647,1.0,0.005691006666666667,inf,0.9595251668287449,0.12914862914862915,1.0,0.5645743145743146
"Prednisolone, Adrenal hormones, Methotrexate",frozenset({'Infliximab (genetical recombination)'}),0.006,0.022266666666666667,0.005966666666666667,0.9944444444444445,44.66067864271457,1.0,0.005833066666666667,175.99200000000062,0.9835099985387183,0.2675635276532138,0.9943179235419792,0.631204258150366
"Infliximab (genetical recombination), Adrenal hormones, Methotrexate",frozenset({'Prednisolone'}),0.006466666666666667,0.091,0.005966666666666667,0.9226804123711341,10.139345190891584,1.0,0.0053782000000000005,11.756400000000008,0.9072411276346819,0.06520947176684883,0.9149399476030078,0.4941240889694498
"Prednisolone, Adrenal hormones","frozenset({'Infliximab (genetical recombination)', 'Methotrexate'})",0.0063,0.0184,0.005966666666666667,0.9470899470899471,51.4722797331493,1.0,0.005850746666666667,18.55224,0.9867888367103814,0.3185053380782919,0.9460981531071181,0.6356826547043939
"Infliximab (genetical recombination), Adrenal hormones","frozenset({'Prednisolone', 'Methotrexate'})",0.006466666666666667,0.0283,0.005966666666666667,0.9226804123711341,32.60354814032276,1.0,0.00578366,12.56732000000001,0.9756376148628918,0.20717592592592593,0.9204285400546816,0.5667583451726106
"Adrenal hormones, Methotrexate","frozenset({'Prednisolone', 'Infliximab (genetical recombination)'})",0.006633333333333333,0.017233333333333333,0.005966666666666667,0.899497487437186,52.19521203697405,1.0,0.005852352222222222,9.778528333333345,0.9873908471820243,0.33333333333333337,0.897735122718705,0.6228628636412236
"Prednisolone, Infliximab (genetical recombination), Alfacalcidol",frozenset({'Methotrexate'}),0.0031666666666666666,0.0462,0.0030666666666666668,0.968421052631579,20.961494645705173,1.0,0.002920366666666667,30.203666666666678,0.9553186539985317,0.0662347012239021,0.9668914370219951,0.5173995595048226
"Infliximab (genetical recombination), Methotrexate, Alfacalcidol",frozenset({'Prednisolone'}),0.003533333333333333,0.091,0.0030666666666666668,0.8679245283018868,9.537632179141614,1.0,0.0027451333333333335,6.882428571428573,0.8983262600318227,0.033527696793002916,0.8547024513772132,0.45081208100076026
"Infliximab (genetical recombination), Alfacalcidol","frozenset({'Prednisolone', 'Methotrexate'})",0.0037,0.0283,0.0030666666666666668,0.8288288288288288,29.287237767803138,1.0,0.0029619566666666667,5.676773684210525,0.969442371557371,0.10599078341013825,0.8238436027877213,0.4685958042848502
"Prednisolone, Cyclophosphamide hydrate, Doxorubicin hydrochloride",frozenset({'Vincristine sulfate'}),0.004166666666666667,0.013266666666666666,0.004033333333333333,0.968,72.96482412060301,1.0,0.003978055555555556,30.83541666666664,0.9904215221826482,0.3009950248756219,0.967569758800081,0.6360100502512562
"Prednisolone, Vincristine sulfate, Doxorubicin hydrochloride",frozenset({'Cyclophosphamide hydrate'}),0.004166666666666667,0.0204,0.004033333333333333,0.968,47.45098039215686,1.0,0.003948333333333333,30.612499999999972,0.9830215429302535,0.19642857142857142,0.9673336055532871,0.5828562091503268
"Prednisolone, Doxorubicin hydrochloride","frozenset({'Cyclophosphamide hydrate', 'Vincristine sulfate'})",0.004366666666666666,0.010066666666666666,0.004033333333333333,0.9236641221374047,91.75471411960974,1.0,0.003989375555555555,12.968126666666683,0.9934393961068012,0.38782051282051283,0.9228878599273399,0.6621631868965169
"Cyclophosphamide hydrate, Vincristine sulfate, Rituximab (genetical recombination)",frozenset({'Doxorubicin hydrochloride'}),0.005533333333333334,0.01,0.004033333333333333,0.7289156626506024,72.89156626506023,1.0,0.003978,3.6519999999999992,0.9917687789792222,0.3507246376811594,0.7261774370208105,0.5661244979919678
"Cyclophosphamide hydrate, Doxorubicin hydrochloride, Rituximab (genetical recombination)",frozenset({'Vincristine sulfate'}),0.0041,0.013266666666666666,0.004033333333333333,0.9837398373983739,74.15124402500307,1.0,0.00397894,60.684099999999674,0.990575408762704,0.3025,0.9835212189024801,0.6438799689504432
"Vincristine sulfate, Doxorubicin hydrochloride, Rituximab (genetical recombination)",frozenset({'Cyclophosphamide hydrate'}),0.004033333333333333,0.0204,0.004033333333333333,1.0,49.01960784313725,1.0,0.0039510533333333335,inf,0.9835670537835939,0.1977124183006536,1.0,0.5988562091503268
"Vincristine sulfate, Rituximab (genetical recombination)","frozenset({'Cyclophosphamide hydrate', 'Doxorubicin hydrochloride'})",0.0056,0.007066666666666666,0.004033333333333333,0.7202380952380952,101.92048517520216,1.0,0.00399376,3.549208510638298,0.9957647121400505,0.4671814671814672,0.718247040994456,0.6454964061096137
"Doxorubicin hydrochloride, Rituximab (genetical recombination)","frozenset({'Cyclophosphamide hydrate', 'Vincristine sulfate'})",0.0041,0.010066666666666666,0.004033333333333333,0.9837398373983739,97.72250040381198,1.0,0.0039920599999999995,60.88089999999967,0.9938416930904309,0.3980263157894736,0.9835744872365553,0.6922010445270015
"Prednisolone, Cyclophosphamide hydrate, Rituximab (genetical recombination)",frozenset({'Vincristine sulfate'}),0.0041,0.013266666666666666,0.0038,0.9268292682926829,69.86150263512685,1.0,0.0037456066666666666,13.485355555555543,0.9897439149636316,0.2800982800982801,0.9258454850611609,0.6066307145483515
"Prednisolone, Vincristine sulfate, Rituximab (genetical recombination)",frozenset({'Cyclophosphamide hydrate'}),0.0038666666666666667,0.0204,0.0038,0.9827586206896551,48.17444219066937,1.0,0.00372112,56.81679999999989,0.9830432056583702,0.18566775244299674,0.98239957195759,0.5845165652467883
"Prednisolone, Rituximab (genetical recombination)","frozenset({'Cyclophosphamide hydrate', 'Vincristine sulfate'})",0.004566666666666667,0.010066666666666666,0.0038,0.8321167883211679,82.66060811137429,1.0,0.0037540288888888887,5.896559420289854,0.9924344565327863,0.3507692307692308,0.8304095780737772,0.6048001160148886
"Prednisolone, Diclofenac sodium, Infliximab (genetical recombination)",frozenset({'Methotrexate'}),0.005333333333333333,0.0462,0.0053,0.99375,21.509740259740262,1.0,0.0050536,152.60800000000054,0.9586220850827052,0.11463590483056957,0.9934472635772699,0.5542343073593073
"Diclofenac sodium, Infliximab (genetical recombination), Methotrexate",frozenset({'Prednisolone'}),0.005933333333333333,0.091,0.0053,0.8932584269662922,9.816026669959255,1.0,0.004760066666666667,8.515894736842112,0.903486472567422,0.05783921425973081,0.8825725269156129,0.47575009260402523
"Diclofenac sodium, Infliximab (genetical recombination)","frozenset({'Prednisolone', 'Methotrexate'})",0.006,0.0283,0.0053,0.8833333333333333,31.21319199057715,1.0,0.0051302,8.32885714285714,0.9738050947192589,0.18275862068965518,0.8799355082158417,0.5353062426383981
"Prednisolone, Infliximab (genetical recombination), Famotidine",frozenset({'Methotrexate'}),0.0034,0.0462,0.0032,0.9411764705882354,20.371785077667433,1.0,0.00304292,16.214600000000026,0.9541566325506723,0.06896551724137932,0.9383271866095989,0.5052202699261523
"Infliximab (genetical recombination), Methotrexate, Famotidine",frozenset({'Prednisolone'}),0.0034,0.091,0.0032,0.9411764705882354,10.342598577892696,1.0,0.0028906,15.453000000000026,0.9063942404174192,0.03508771929824561,0.9352876464117001,0.48817065287653527
"Infliximab (genetical recombination), Famotidine","frozenset({'Prednisolone', 'Methotrexate'})",0.003766666666666667,0.0283,0.0032,0.8495575221238938,30.019700428406143,1.0,0.0030934033333333334,6.458947058823529,0.9703435021915883,0.11085450346420324,0.8451760030090499,0.48131586353544514
"Folic acid, Prednisolone, Infliximab (genetical recombination)",frozenset({'Methotrexate'}),0.006266666666666667,0.0462,0.006233333333333333,0.9946808510638296,21.529888551165143,1.0,0.005943813333333333,179.31439999999506,0.9595662228395987,0.13482335976928625,0.9944232030444848,0.5648007429922323
"Folic acid, Prednisolone, Methotrexate",frozenset({'Infliximab (genetical recombination)'}),0.007633333333333333,0.022266666666666667,0.006233333333333333,0.8165938864628821,36.67337813456057,1.0,0.006063364444444444,5.330974603174604,0.980214568353045,0.2633802816901408,0.8124170392024568,0.5482670031116805
"Folic acid, Infliximab (genetical recombination), Methotrexate",frozenset({'Prednisolone'}),0.006866666666666667,0.091,0.006233333333333333,0.9077669902912621,9.97546143177211,1.0,0.005608466666666667,9.85547368421052,0.9059750392983693,0.06802473626773371,0.8985335426746558,0.48813257939471527
"Folic acid, Prednisolone","frozenset({'Infliximab (genetical recombination)', 'Methotrexate'})",0.0077666666666666665,0.0184,0.006233333333333333,0.8025751072961373,43.61821235305094,1.0,0.006090426666666667,4.972017391304348,0.9847218027931374,0.31270903010033446,0.798874396185959,0.5706716116190832
"Folic acid, Infliximab (genetical recombination)","frozenset({'Prednisolone', 'Methotrexate'})",0.0069,0.0283,0.006233333333333333,0.9033816425120772,31.921612809614036,1.0,0.006038063333333333,10.05709499999999,0.975403546502956,0.21518987341772156,0.9005677086673636,0.561820385449207
"Prednisolone, Infliximab (genetical recombination), Isoniazid",frozenset({'Methotrexate'}),0.0042,0.0462,0.0042,1.0,21.645021645021647,1.0,0.004005959999999999,inf,0.9578228559951797,0.09090909090909091,1.0,0.5454545454545454
"Prednisolone, Methotrexate, Isoniazid",frozenset({'Infliximab (genetical recombination)'}),0.0044,0.022266666666666667,0.0042,0.9545454545454545,42.86880783886772,1.0,0.004102026666666666,21.5101333333333,0.9809893690970427,0.1869436201780415,0.9535102835252841,0.5715841045182362
"Methotrexate, Infliximab (genetical recombination), Isoniazid",frozenset({'Prednisolone'}),0.0047666666666666664,0.091,0.0042,0.8811188811188811,9.682625067240453,1.0,0.003766233333333333,7.646294117647061,0.9010170702571144,0.045868219876228605,0.8692176909998692,0.4636363636363636
"Prednisolone, Isoniazid","frozenset({'Infliximab (genetical recombination)', 'Methotrexate'})",0.005666666666666667,0.0184,0.0042,0.7411764705882352,40.28132992327365,1.0,0.004095733333333333,3.7925454545454533,0.9807320849895439,0.21140939597315433,0.7363248477875257,0.4847186700767263
"Infliximab (genetical recombination), Isoniazid","frozenset({'Prednisolone', 'Methotrexate'})",0.0047666666666666664,0.0283,0.0042,0.8811188811188811,31.134942795720182,1.0,0.004065103333333333,8.173711764705885,0.9725174123640145,0.14549653579676672,0.8776565618183402,0.514764387555907
"Methotrexate, Isoniazid","frozenset({'Prednisolone', 'Infliximab (genetical recombination)'})",0.005,0.017233333333333333,0.0042,0.84,48.742746615087036,1.0,0.004113833333333333,6.142291666666665,0.984406157772992,0.232902033271719,0.8371943153681782,0.5418568665377176
"Prednisolone, Infliximab (genetical recombination), Loxoprofen sodium hydrate",frozenset({'Methotrexate'}),0.0047666666666666664,0.0462,0.004733333333333333,0.993006993006993,21.493657857294224,1.0,0.004513113333333333,136.3934000000003,0.9580413114720072,0.10237923576063446,0.9926682669396026,0.5477300477300477
"Infliximab (genetical recombination), Loxoprofen sodium hydrate, Methotrexate",frozenset({'Prednisolone'}),0.005366666666666666,0.091,0.004733333333333333,0.8819875776397517,9.692171182854414,1.0,0.0042449666666666665,7.702578947368428,0.9016628677187289,0.05165514732630047,0.8701733527390008,0.46700111482720186
"Infliximab (genetical recombination), Loxoprofen sodium hydrate","frozenset({'Prednisolone', 'Methotrexate'})",0.0054666666666666665,0.0283,0.004733333333333333,0.8658536585365854,30.59553563733517,1.0,0.004578626666666667,7.243581818181818,0.9726325509026812,0.16303099885189437,0.8619467516070654,0.5165546266770088
"Prednisolone, pneumonia, Infliximab (genetical recombination)",frozenset({'Methotrexate'}),0.0036666666666666666,0.0462,0.0035666666666666668,0.9727272727272728,21.054702872884693,1.0,0.0033972666666666667,34.972666666666726,0.9560100430550648,0.07703383729301658,0.9714062410644504,0.524963924963925
"Prednisolone, pneumonia, Methotrexate",frozenset({'Infliximab (genetical recombination)'}),0.004066666666666666,0.022266666666666667,0.0035666666666666668,0.8770491803278689,39.38843624226956,1.0,0.0034761155555555557,7.952231111111117,0.9785914432086122,0.15666178623718888,0.8742491275683918,0.5186144105232159
"pneumonia, Infliximab (genetical recombination), Methotrexate",frozenset({'Prednisolone'}),0.0038,0.091,0.0035666666666666668,0.9385964912280702,10.31424715635242,1.0,0.003220866666666667,14.803714285714294,0.9064913962778184,0.03909389842893679,0.9324493852894061,0.4888953152111047
"pneumonia, Infliximab (genetical recombination)","frozenset({'Prednisolone', 'Methotrexate'})",0.0039,0.0283,0.0035666666666666668,0.9145299145299146,32.31554468303585,1.0,0.003456296666666667,11.368890000000011,0.972849252270772,0.12456344586728754,0.912040665359591,0.5202802693968772
"pneumonia, Methotrexate","frozenset({'Prednisolone', 'Infliximab (genetical recombination)'})",0.0047,0.017233333333333333,0.0035666666666666668,0.7588652482269503,44.0347339396683,1.0,0.00348567,4.075591176470588,0.9819056105753116,0.1941923774954628,0.7546368228066517,0.48291424887169565
